model,run_name,max_vocab_size,max_seq_len,embed_dim,num_filters,filter_sizes,dropout,batch_size,learning_rate,num_epochs,freeze_embeddings,train_accuracy,train_f1,val_accuracy,val_f1,test_accuracy,test_f1
TextCNN,bs32_do0.5_lr0.0005_nf50_fs3-4-5,5000,64,50,50,"3,4,5",0.5,32,0.0005,5,False,0.8604331385355792,0.8083811625239244,0.8520345252774353,0.7950408074900667,0.8478800115373522,0.790486591510776
TextCNN,bs32_do0.5_lr0.0005_nf50_fs3-4-5,5000,64,50,50,"3,4,5",0.5,32,0.0005,5,False,0.9036978834159997,0.8701196607977778,0.8713148750140118,0.8246226793124455,0.869800980674935,0.8232135084071018
TextCNN,bs32_do0.5_lr0.0005_nf50_fs4-5-6,5000,64,50,50,"4,5,6",0.5,32,0.0005,5,False,0.9074956211429226,0.8761490168573509,0.8692971639950678,0.8240912741073864,0.8680703778482838,0.8230886074262512
TextCNN,bs32_do0.5_lr0.0005_nf100_fs3-4-5,5000,64,50,100,"3,4,5",0.5,32,0.0005,5,False,0.9122919019790797,0.8818357673812122,0.8707543997309719,0.8230099859997685,0.8702047880011538,0.8228166187797626
TextCNN,bs32_do0.5_lr0.0005_nf100_fs4-5-6,5000,64,50,100,"4,5,6",0.5,32,0.0005,5,False,0.9172682479660823,0.889337660470421,0.8720995404102679,0.8257114832033352,0.868704932218056,0.8224655842096581
TextCNN,bs32_do0.5_lr0.001_nf50_fs3-4-5,5000,64,50,50,"3,4,5",0.5,32,0.001,5,False,0.9110150763639935,0.8805047907984456,0.8689608788252438,0.821678400889045,0.867320449956735,0.820793073907803
TextCNN,bs32_do0.5_lr0.001_nf50_fs4-5-6,5000,64,50,50,"4,5,6",0.5,32,0.001,5,False,0.9137815318633469,0.8835447788739117,0.8685124985988117,0.8197859415621908,0.8695702336313816,0.822484131662825
TextCNN,bs32_do0.5_lr0.001_nf100_fs3-4-5,5000,64,50,100,"3,4,5",0.5,32,0.001,5,False,0.9077739036487747,0.8779187897473163,0.8709785898441879,0.826678913305969,0.8707239688491492,0.8274282408967565
TextCNN,bs32_do0.5_lr0.001_nf100_fs4-5-6,5000,64,50,100,"4,5,6",0.5,32,0.001,5,False,0.907970338358788,0.8769554961028548,0.8695213541082838,0.823459494566421,0.8689933660224979,0.8235631404156232
TextCNN,bs32_do0.65_lr0.0005_nf50_fs3-4-5,5000,64,50,50,"3,4,5",0.65,32,0.0005,5,False,0.8935651262911489,0.854212896029145,0.8673915480327318,0.8170666576097343,0.8672627631958465,0.816906546045502
TextCNN,bs32_do0.65_lr0.0005_nf50_fs4-5-6,5000,64,50,50,"4,5,6",0.65,32,0.0005,5,False,0.8859205421597997,0.8464342045304486,0.8663826925232597,0.8182584882856573,0.8657052206518604,0.8188297137943835
TextCNN,bs32_do0.65_lr0.0005_nf100_fs3-4-5,5000,64,50,100,"3,4,5",0.65,32,0.0005,5,False,0.9029121445759466,0.870437494733964,0.8695213541082838,0.8237655215614123,0.8685318719353908,0.8241667321808159
TextCNN,bs32_do0.65_lr0.0005_nf100_fs4-5-6,5000,64,50,100,"4,5,6",0.65,32,0.0005,5,False,0.9057604478711389,0.8724531968899414,0.8695213541082838,0.8222021949238089,0.8704355350447073,0.82300682973865
TextCNN,bs32_do0.65_lr0.001_nf50_fs3-4-5,5000,64,50,50,"3,4,5",0.65,32,0.001,5,False,0.9030594706084565,0.8692440738104205,0.8703060195045399,0.8227124853751272,0.8671473896740698,0.8197476924735585
TextCNN,bs32_do0.65_lr0.001_nf50_fs4-5-6,5000,64,50,50,"4,5,6",0.65,32,0.001,5,False,0.903746992093503,0.8694388532774403,0.8689608788252438,0.8208123060608549,0.8696856071531583,0.8215769007577728
TextCNN,bs32_do0.65_lr0.001_nf100_fs3-4-5,5000,64,50,100,"3,4,5",0.65,32,0.001,5,False,0.90854327292966,0.876818602145332,0.8689608788252438,0.8220519056741948,0.8700894144793769,0.8231196336489823
TextCNN,bs32_do0.65_lr0.001_nf100_fs4-5-6,5000,64,50,100,"4,5,6",0.65,32,0.001,5,False,0.9017826449933704,0.8686243822741299,0.8704181145611478,0.8250876652089915,0.8708970291318142,0.8255258430528171
TextCNN,bs32_do0.7_lr0.0005_nf50_fs3-4-5,5000,64,50,50,"3,4,5",0.7,32,0.0005,5,False,0.8879831066149388,0.8507426540012347,0.8684004035422038,0.8236556704333792,0.8660513412171906,0.8217076257780818
TextCNN,bs32_do0.7_lr0.0005_nf50_fs4-5-6,5000,64,50,50,"4,5,6",0.7,32,0.0005,5,False,0.8953985169179394,0.8588807011625611,0.8684004035422038,0.8214061221241659,0.8666858955869627,0.8193224845396075
TextCNN,bs32_do0.7_lr0.0005_nf100_fs3-4-5,5000,64,50,100,"3,4,5",0.7,32,0.0005,5,False,0.901013275712485,0.8665690002733859,0.8692971639950678,0.8215966974411394,0.8704932218055956,0.8243486064018816
TextCNN,bs32_do0.7_lr0.0005_nf100_fs4-5-6,5000,64,50,100,"4,5,6",0.7,32,0.0005,5,False,0.9028957750167788,0.8711360890522272,0.8713148750140118,0.8284556423377328,0.8695125468704932,0.8252989026587323
TextCNN,bs32_do0.7_lr0.001_nf50_fs3-4-5,5000,64,50,50,"3,4,5",0.7,32,0.001,5,False,0.9046473178477303,0.8714062026748338,0.8719874453536599,0.825771069898411,0.8689933660224979,0.821597807265181
TextCNN,bs32_do0.7_lr0.001_nf50_fs4-5-6,5000,64,50,50,"4,5,6",0.7,32,0.001,5,False,0.9061696868503332,0.8735090612180155,0.8714269700706199,0.8246280679550968,0.8674935102394,0.8196522120780539
TextCNN,bs32_do0.7_lr0.001_nf100_fs3-4-5,5000,64,50,100,"3,4,5",0.7,32,0.001,5,False,0.8867881287956916,0.8489323036672753,0.8708664947875798,0.8265589248219142,0.8662820882607442,0.8204928860354942
TextCNN,bs32_do0.7_lr0.001_nf100_fs4-5-6,5000,64,50,100,"4,5,6",0.7,32,0.001,5,False,0.8983450375681383,0.8643697511703845,0.8724358255800919,0.8282258383533784,0.8680126910873954,0.8227855929047038
TextCNN,bs32_do0.75_lr0.0005_nf50_fs3-4-5,5000,64,50,50,"3,4,5",0.75,32,0.0005,5,False,0.8919281703743718,0.8543156023728873,0.8673915480327318,0.820483683123444,0.8659936544563023,0.8188765687116554
TextCNN,bs32_do0.75_lr0.0005_nf50_fs4-5-6,5000,64,50,50,"4,5,6",0.75,32,0.0005,5,False,0.8937943001194978,0.8574485401879106,0.8712027799574039,0.8243977714865459,0.8674935102394,0.8209116131595922
TextCNN,bs32_do0.75_lr0.0005_nf100_fs3-4-5,5000,64,50,100,"3,4,5",0.75,32,0.0005,5,False,0.896004190607147,0.8612078205862943,0.8707543997309719,0.8268657049549674,0.8692241130660513,0.8245244224187195
TextCNN,bs32_do0.75_lr0.0005_nf100_fs4-5-6,5000,64,50,100,"4,5,6",0.75,32,0.0005,5,False,0.898001276825615,0.8626768577354568,0.8672794529761237,0.8199973731186027,0.8672627631958465,0.8198216608969813
TextCNN,bs32_do0.75_lr0.001_nf50_fs3-4-5,5000,64,50,50,"3,4,5",0.75,32,0.001,5,False,0.896069668843818,0.8589523185728759,0.8694092590516759,0.8213503481440797,0.8658782809345256,0.8154342350243193
TextCNN,bs32_do0.75_lr0.001_nf50_fs4-5-6,5000,64,50,50,"4,5,6",0.75,32,0.001,5,False,0.898361407127306,0.8637215534678852,0.8684004035422038,0.8219296124120223,0.8678973175656187,0.8214092409923496
TextCNN,bs32_do0.75_lr0.001_nf100_fs3-4-5,5000,64,50,100,"3,4,5",0.75,32,0.001,5,False,0.8939743652703432,0.8581773581701264,0.8713148750140118,0.8262764878954553,0.8690510527833862,0.8234758010849111
TextCNN,bs32_do0.75_lr0.001_nf100_fs4-5-6,5000,64,50,100,"4,5,6",0.75,32,0.001,5,False,0.908756077198841,0.8777087380537759,0.8697455442214999,0.8222933421806639,0.8693394865878281,0.8231756835323676
TextCNN,bs32_do0.8_lr0.0005_nf50_fs3-4-5,5000,64,50,50,"3,4,5",0.8,32,0.0005,5,False,0.8874429111624024,0.8470394270529882,0.8653738370137877,0.8160371240568045,0.864724545716758,0.8148993768914784
TextCNN,bs32_do0.8_lr0.0005_nf50_fs4-5-6,5000,64,50,50,"4,5,6",0.8,32,0.0005,5,False,0.8895218451767094,0.8514626595953575,0.8670552628629078,0.8204904335899049,0.8663397750216325,0.8199312405562565
TextCNN,bs32_do0.8_lr0.0005_nf100_fs3-4-5,5000,64,50,100,"3,4,5",0.8,32,0.0005,5,False,0.8934669089361423,0.8566271523222712,0.8713148750140118,0.8255274473686769,0.8678396308047304,0.8213367673689995
TextCNN,bs32_do0.8_lr0.0005_nf100_fs4-5-6,5000,64,50,100,"4,5,6",0.8,32,0.0005,5,False,0.8947601041103963,0.8581984354115955,0.8700818293913238,0.8237798838994923,0.8684164984136141,0.8221828967089264
TextCNN,bs32_do0.8_lr0.001_nf50_fs3-4-5,5000,64,50,50,"3,4,5",0.8,32,0.001,5,False,0.8857077378906186,0.8444063098464203,0.8684004035422038,0.8189171041714398,0.8643784251514277,0.8140503400281203
TextCNN,bs32_do0.8_lr0.001_nf50_fs4-5-6,5000,64,50,50,"4,5,6",0.8,32,0.001,5,False,0.8985742113964871,0.8631702822311019,0.8692971639950678,0.8219102343150352,0.8660513412171906,0.8178625323925642
TextCNN,bs32_do0.8_lr0.001_nf100_fs3-4-5,5000,64,50,100,"3,4,5",0.8,32,0.001,5,False,0.8975592987280853,0.8621954002035559,0.8699697343347158,0.8239263386510375,0.8663397750216325,0.818212191881727
TextCNN,bs32_do0.8_lr0.001_nf100_fs4-5-6,5000,64,50,100,"4,5,6",0.8,32,0.001,5,False,0.8990325590531847,0.8646482473783114,0.8708664947875798,0.8260469604864755,0.8680703778482838,0.8215655121117006
TextCNN,bs64_do0.5_lr0.0005_nf50_fs3-4-5,5000,64,50,50,"3,4,5",0.5,64,0.0005,5,False,0.8910933228568154,0.8526485382288999,0.8681762134289878,0.8209185551748237,0.8648399192385348,0.8158813755223863
TextCNN,bs64_do0.5_lr0.0005_nf50_fs4-5-6,5000,64,50,50,"4,5,6",0.5,64,0.0005,5,False,0.8996382327423923,0.864175942276021,0.8675036430893398,0.8187042817823303,0.8683011248918373,0.8200403152128216
TextCNN,bs64_do0.5_lr0.0005_nf100_fs3-4-5,5000,64,50,100,"3,4,5",0.5,64,0.0005,5,False,0.9074792515837549,0.8753429738374242,0.8692971639950678,0.8224130213598012,0.8720507643495817,0.826508088480769
TextCNN,bs64_do0.5_lr0.0005_nf100_fs4-5-6,5000,64,50,100,"4,5,6",0.5,64,0.0005,5,False,0.9099510550180884,0.8800156681455243,0.8690729738818518,0.8229834358242846,0.8716469570233631,0.8277811613929237
TextCNN,bs64_do0.5_lr0.001_nf50_fs3-4-5,5000,64,50,50,"3,4,5",0.5,64,0.001,5,False,0.8870009330648726,0.8477281898431555,0.8686245936554198,0.8220274295462078,0.8674358234785117,0.8200961373561994
TextCNN,bs64_do0.5_lr0.001_nf50_fs4-5-6,5000,64,50,50,"4,5,6",0.5,64,0.001,5,False,0.9166789438360425,0.8896122404816613,0.8679520233157718,0.821890820383102,0.8689933660224979,0.8246623925787512
TextCNN,bs64_do0.5_lr0.001_nf100_fs3-4-5,5000,64,50,100,"3,4,5",0.5,64,0.001,5,False,0.9017826449933704,0.8708405740228234,0.8705302096177558,0.8279209011400837,0.8693394865878281,0.8270535459259641
TextCNN,bs64_do0.5_lr0.001_nf100_fs4-5-6,5000,64,50,100,"4,5,6",0.5,64,0.001,5,False,0.906971795249554,0.8753325907881585,0.8715390651272279,0.8252644013236962,0.8708970291318142,0.8261088781454657
TextCNN,bs64_do0.65_lr0.0005_nf50_fs3-4-5,5000,64,50,50,"3,4,5",0.65,64,0.0005,5,False,0.8908150403509634,0.8524849541537524,0.8671673579195157,0.819814806057498,0.8659359676954139,0.8189216149821333
TextCNN,bs64_do0.65_lr0.0005_nf50_fs4-5-6,5000,64,50,50,"4,5,6",0.65,64,0.0005,5,False,0.8918954312560363,0.8529292240409155,0.8668310727496917,0.8179611279422577,0.8672627631958465,0.8187944829355743
TextCNN,bs64_do0.65_lr0.0005_nf100_fs3-4-5,5000,64,50,100,"3,4,5",0.65,64,0.0005,5,False,0.8949401692612418,0.8567311050428325,0.8660464073534357,0.8162141444854888,0.8675511970002885,0.8178201579419001
TextCNN,bs64_do0.65_lr0.0005_nf100_fs4-5-6,5000,64,50,100,"4,5,6",0.65,64,0.0005,5,False,0.8997691892157345,0.8646948982045964,0.8680641183723797,0.8202819707229448,0.8708970291318142,0.8251292997846905
TextCNN,bs64_do0.65_lr0.001_nf50_fs3-4-5,5000,64,50,50,"3,4,5",0.65,64,0.001,5,False,0.8985251027189838,0.8635861755968236,0.8697455442214999,0.8239887933728669,0.8689933660224979,0.8230519017452848
TextCNN,bs64_do0.65_lr0.001_nf50_fs4-5-6,5000,64,50,50,"4,5,6",0.65,64,0.001,5,False,0.9006040367332908,0.8660944611407694,0.8672794529761237,0.8199110196126584,0.8659359676954139,0.818618728506897
TextCNN,bs64_do0.65_lr0.001_nf100_fs3-4-5,5000,64,50,100,"3,4,5",0.65,64,0.001,5,False,0.9111787719556712,0.8802433981481478,0.873444681089564,0.8266541960135347,0.8706662820882607,0.8241281032891621
TextCNN,bs64_do0.65_lr0.001_nf100_fs4-5-6,5000,64,50,100,"4,5,6",0.65,64,0.001,5,False,0.9125047062482607,0.8835795419723967,0.8700818293913238,0.824950242734269,0.8695125468704932,0.82510221312008
TextCNN,bs64_do0.7_lr0.0005_nf50_fs3-4-5,5000,64,50,50,"3,4,5",0.7,64,0.0005,5,False,0.8890634975200118,0.8501783866432769,0.8695213541082838,0.8227159799782581,0.8658782809345256,0.8176284402533529
TextCNN,bs64_do0.7_lr0.0005_nf50_fs4-5-6,5000,64,50,50,"4,5,6",0.7,64,0.0005,5,False,0.8900947797475814,0.8515494625702217,0.8672794529761237,0.820100675751386,0.8663974617825209,0.8188786219592412
TextCNN,bs64_do0.7_lr0.0005_nf100_fs3-4-5,5000,64,50,100,"3,4,5",0.7,64,0.0005,5,False,0.8877211936682545,0.8486508412660002,0.8680641183723797,0.8207834764350239,0.8655898471300837,0.8180645621941797
TextCNN,bs64_do0.7_lr0.0005_nf100_fs4-5-6,5000,64,50,100,"4,5,6",0.7,64,0.0005,5,False,0.8893254104666961,0.849600683540703,0.8661585024100437,0.81653003334395,0.8666282088260744,0.8179536168431277
TextCNN,bs64_do0.7_lr0.001_nf50_fs3-4-5,5000,64,50,50,"3,4,5",0.7,64,0.001,5,False,0.8956767994237915,0.8588875668896311,0.8692971639950678,0.8225120262343348,0.8666282088260744,0.8186169073339536
TextCNN,bs64_do0.7_lr0.001_nf50_fs4-5-6,5000,64,50,50,"4,5,6",0.7,64,0.001,5,False,0.8973464944589042,0.8620006427429975,0.8688487837686358,0.8220844807208425,0.8693971733487165,0.8232315994736693
TextCNN,bs64_do0.7_lr0.001_nf100_fs3-4-5,5000,64,50,100,"3,4,5",0.7,64,0.001,5,False,0.9076593167346003,0.877191086565329,0.8707543997309719,0.8263048118822898,0.8703778482838188,0.8257352221066552
TextCNN,bs64_do0.7_lr0.001_nf100_fs4-5-6,5000,64,50,100,"4,5,6",0.7,64,0.001,5,False,0.9017007971975315,0.8672178212838707,0.8713148750140118,0.8244281586932369,0.8678396308047304,0.8205354841942248
TextCNN,bs64_do0.75_lr0.0005_nf50_fs3-4-5,5000,64,50,50,"3,4,5",0.75,64,0.0005,5,False,0.8850038468464044,0.843430207654245,0.8676157381459477,0.8189459203389485,0.8638592443034324,0.8139708441269328
TextCNN,bs64_do0.75_lr0.0005_nf50_fs4-5-6,5000,64,50,50,"4,5,6",0.75,64,0.0005,5,False,0.88202458707787,0.8398069928677234,0.8663826925232597,0.817578131761949,0.8640323045860975,0.8150444584354245
TextCNN,bs64_do0.75_lr0.0005_nf100_fs3-4-5,5000,64,50,100,"3,4,5",0.75,64,0.0005,5,False,0.8907495621142922,0.8526523594882583,0.8695213541082838,0.8223208844825489,0.8688203057398327,0.8223655028732958
TextCNN,bs64_do0.75_lr0.0005_nf100_fs4-5-6,5000,64,50,100,"4,5,6",0.75,64,0.0005,5,False,0.8923865180310694,0.8551475436029449,0.8685124985988117,0.8215456442783199,0.8679550043265071,0.8217441879461683
TextCNN,bs64_do0.75_lr0.001_nf50_fs3-4-5,5000,64,50,50,"3,4,5",0.75,64,0.001,5,False,0.8990980372898558,0.8647188471160411,0.8689608788252438,0.8226450082670698,0.8678973175656187,0.8217984746013264
TextCNN,bs64_do0.75_lr0.001_nf50_fs4-5-6,5000,64,50,50,"4,5,6",0.75,64,0.001,5,False,0.8989016025798425,0.8630842810221702,0.8679520233157718,0.8191884667681765,0.8660513412171906,0.8168849305653195
TextCNN,bs64_do0.75_lr0.001_nf100_fs3-4-5,5000,64,50,100,"3,4,5",0.75,64,0.001,5,False,0.897575668287253,0.8615612114363441,0.8699697343347158,0.8224490998087824,0.8684741851745025,0.8208848906176215
TextCNN,bs64_do0.75_lr0.001_nf100_fs4-5-6,5000,64,50,100,"4,5,6",0.75,64,0.001,5,False,0.8979849072664473,0.8621379698659872,0.8678399282591638,0.8186130084569494,0.8676665705220652,0.8196992522326108
TextCNN,bs64_do0.8_lr0.0005_nf50_fs3-4-5,5000,64,50,50,"3,4,5",0.8,64,0.0005,5,False,0.8765735238750021,0.8321122670027723,0.8649254567873557,0.8161085802359235,0.861032593019902,0.8102755581151486
TextCNN,bs64_do0.8_lr0.0005_nf50_fs4-5-6,5000,64,50,50,"4,5,6",0.8,64,0.0005,5,False,0.8824829347345676,0.8395216896883732,0.8652617419571796,0.8145704131900805,0.863801557542544,0.8128281932913436
TextCNN,bs64_do0.8_lr0.0005_nf100_fs3-4-5,5000,64,50,100,"3,4,5",0.8,64,0.0005,5,False,0.886182455106484,0.8449924706884588,0.8659343122968277,0.8167662277389617,0.865186039803865,0.8159779831049678
TextCNN,bs64_do0.8_lr0.0005_nf100_fs4-5-6,5000,64,50,100,"4,5,6",0.8,64,0.0005,5,False,0.8880649544107777,0.8490010187157688,0.8679520233157718,0.8211170964132926,0.8657052206518604,0.8175968779540633
TextCNN,bs64_do0.8_lr0.001_nf50_fs3-4-5,5000,64,50,50,"3,4,5",0.8,64,0.001,5,False,0.8947601041103963,0.8583588607499989,0.8687366887120278,0.8225736866102525,0.8668012691087396,0.8201039986908388
TextCNN,bs64_do0.8_lr0.001_nf50_fs4-5-6,5000,64,50,50,"4,5,6",0.8,64,0.001,5,False,0.882957651950433,0.8407893219419157,0.8685124985988117,0.8197850106377005,0.8624747620421114,0.8123376850494327
TextCNN,bs64_do0.8_lr0.001_nf100_fs3-4-5,5000,64,50,100,"3,4,5",0.8,64,0.001,5,False,0.8985578418373193,0.8627927186431403,0.8694092590516759,0.8216160386176088,0.8684164984136141,0.82049164838563
TextCNN,bs64_do0.8_lr0.001_nf100_fs4-5-6,5000,64,50,100,"4,5,6",0.8,64,0.001,5,False,0.9019463405850481,0.8681856077166746,0.8714269700706199,0.8255748762105997,0.8674358234785117,0.8202839512318123
TextCNN,bs128_do0.5_lr0.0005_nf50_fs3-4-5,5000,64,50,50,"3,4,5",0.5,128,0.0005,5,False,0.8818281523678567,0.8393041591357884,0.8647012666741397,0.8153006919016795,0.8639169310643208,0.8138797865880331
TextCNN,bs128_do0.5_lr0.0005_nf50_fs4-5-6,5000,64,50,50,"4,5,6",0.5,128,0.0005,5,False,0.8916826269868553,0.8535064270504019,0.8680641183723797,0.8205774251652717,0.8680703778482838,0.8209402623875635
TextCNN,bs128_do0.5_lr0.0005_nf100_fs3-4-5,5000,64,50,100,"3,4,5",0.5,128,0.0005,5,False,0.8893254104666961,0.850082971610309,0.8663826925232597,0.8175838481205678,0.8652437265647533,0.8163687357707411
TextCNN,bs128_do0.5_lr0.0005_nf100_fs4-5-6,5000,64,50,100,"4,5,6",0.5,128,0.0005,5,False,0.8966753425330256,0.8587509037305935,0.8660464073534357,0.814708822213709,0.8669166426305163,0.8166707421138503
TextCNN,bs128_do0.5_lr0.001_nf50_fs3-4-5,5000,64,50,50,"3,4,5",0.5,128,0.001,5,False,0.899016189494017,0.8631738584286515,0.8691850689384598,0.8214565084197446,0.8680126910873954,0.8200135357545572
TextCNN,bs128_do0.5_lr0.001_nf50_fs4-5-6,5000,64,50,50,"4,5,6",0.5,128,0.001,5,False,0.9033213835551409,0.8701911946060581,0.8688487837686358,0.8225494512201438,0.8693394865878281,0.8241002064208104
TextCNN,bs128_do0.5_lr0.001_nf100_fs3-4-5,5000,64,50,100,"3,4,5",0.5,128,0.001,5,False,0.9156149224901373,0.8875705203475763,0.8708664947875798,0.8261862064358549,0.8692241130660513,0.8246368124625788
TextCNN,bs128_do0.5_lr0.001_nf100_fs4-5-6,5000,64,50,100,"4,5,6",0.5,128,0.001,5,False,0.9109004894498192,0.8807422551223952,0.8709785898441879,0.8257547211959099,0.8715892702624748,0.82647854213691
TextCNN,bs128_do0.65_lr0.0005_nf50_fs3-4-5,5000,64,50,50,"3,4,5",0.65,128,0.0005,5,False,0.8821555435512122,0.8403909204883182,0.8652617419571796,0.8170671004208,0.861032593019902,0.8104894050710527
TextCNN,bs128_do0.65_lr0.0005_nf50_fs4-5-6,5000,64,50,50,"4,5,6",0.65,128,0.0005,5,False,0.8841526297696803,0.8430921433774761,0.8641407913910997,0.8149833729453563,0.8645514854340929,0.8159861225544139
TextCNN,bs128_do0.65_lr0.0005_nf100_fs3-4-5,5000,64,50,100,"3,4,5",0.65,128,0.0005,5,False,0.8895054756175417,0.8504605856252319,0.8670552628629078,0.819533196205939,0.8652437265647533,0.8167287212072769
TextCNN,bs128_do0.65_lr0.0005_nf100_fs4-5-6,5000,64,50,100,"4,5,6",0.65,128,0.0005,5,False,0.8898001276825616,0.849952929699068,0.8638045062212757,0.8132894138539487,0.8662244014998558,0.8170323297029364
TextCNN,bs128_do0.65_lr0.001_nf50_fs3-4-5,5000,64,50,50,"3,4,5",0.65,128,0.001,5,False,0.8986724287514937,0.8630657980983482,0.8685124985988117,0.8215650703512717,0.8692241130660513,0.8223029688445784
TextCNN,bs128_do0.65_lr0.001_nf50_fs4-5-6,5000,64,50,50,"4,5,6",0.65,128,0.001,5,False,0.9003421237866064,0.8663987553886735,0.8696334491648918,0.8239416184421108,0.868243438130949,0.8221612069815074
TextCNN,bs128_do0.65_lr0.001_nf100_fs3-4-5,5000,64,50,100,"3,4,5",0.65,128,0.001,5,False,0.905252991536938,0.8729902339111674,0.8712027799574039,0.8261144936592674,0.8698586674358235,0.8243736532923167
TextCNN,bs128_do0.65_lr0.001_nf100_fs4-5-6,5000,64,50,100,"4,5,6",0.65,128,0.001,5,False,0.900587667174123,0.8671773382908725,0.8682883084855958,0.8229359659571545,0.8691087395442746,0.8245860338867889
TextCNN,bs128_do0.7_lr0.0005_nf50_fs3-4-5,5000,64,50,50,"3,4,5",0.7,128,0.0005,5,False,0.8813534351519914,0.8395771447827786,0.8641407913910997,0.8150087452772325,0.8625901355638881,0.813255281874152
TextCNN,bs128_do0.7_lr0.0005_nf50_fs4-5-6,5000,64,50,50,"4,5,6",0.7,128,0.0005,5,False,0.880305783365254,0.8360018534769083,0.8615626050891155,0.8091676881805853,0.8604557254110182,0.8083798337463101
TextCNN,bs128_do0.7_lr0.0005_nf100_fs3-4-5,5000,64,50,100,"3,4,5",0.7,128,0.0005,5,False,0.8855276727397731,0.8450742390705072,0.8657101221836117,0.8166671150202162,0.8653014133256418,0.817884071382362
TextCNN,bs128_do0.7_lr0.0005_nf100_fs4-5-6,5000,64,50,100,"4,5,6",0.7,128,0.0005,5,False,0.8888670628099985,0.850288666122286,0.8678399282591638,0.8209684969838497,0.8667435823478512,0.819469869092302
TextCNN,bs128_do0.7_lr0.001_nf50_fs3-4-5,5000,64,50,50,"3,4,5",0.7,128,0.001,5,False,0.8933523220219679,0.8542216059043524,0.8675036430893398,0.8176065560591899,0.8648399192385348,0.81416012701502
TextCNN,bs128_do0.7_lr0.001_nf50_fs4-5-6,5000,64,50,50,"4,5,6",0.7,128,0.001,5,False,0.8986069505148226,0.8643899834836596,0.8690729738818518,0.8246215594224795,0.8683011248918373,0.8228502108746817
TextCNN,bs128_do0.7_lr0.001_nf100_fs3-4-5,5000,64,50,100,"3,4,5",0.7,128,0.001,5,False,0.9012751886591694,0.8680528433741665,0.8709785898441879,0.825724261632227,0.8693394865878281,0.8239776032472387
TextCNN,bs128_do0.7_lr0.001_nf100_fs4-5-6,5000,64,50,100,"4,5,6",0.7,128,0.001,5,False,0.8882122804432877,0.8505012187244784,0.8672794529761237,0.821375937009971,0.8668012691087396,0.8217079133667298
TextCNN,bs128_do0.75_lr0.0005_nf50_fs3-4-5,5000,64,50,50,"3,4,5",0.75,128,0.0005,5,False,0.8775720669842361,0.8332578586543513,0.8649254567873557,0.815409352816713,0.8616094606287857,0.8105757729910001
TextCNN,bs128_do0.75_lr0.0005_nf50_fs4-5-6,5000,64,50,50,"4,5,6",0.75,128,0.0005,5,False,0.87886526215849,0.8345589241225665,0.8643649815043156,0.8147017055456488,0.8608595327372368,0.809619730277196
TextCNN,bs128_do0.75_lr0.0005_nf100_fs3-4-5,5000,64,50,100,"3,4,5",0.75,128,0.0005,5,False,0.883104977982943,0.84194409012962,0.8669431678062998,0.8187927566294334,0.8655321603691952,0.8175150493944886
TextCNN,bs128_do0.75_lr0.0005_nf100_fs4-5-6,5000,64,50,100,"4,5,6",0.75,128,0.0005,5,False,0.8850529555239077,0.8440440254656217,0.8645891716175317,0.8156215481819672,0.8647822324776464,0.8160932824709916
TextCNN,bs128_do0.75_lr0.001_nf50_fs3-4-5,5000,64,50,50,"3,4,5",0.75,128,0.001,5,False,0.8921409746435528,0.8534283451382368,0.8687366887120278,0.82019049724193,0.8659936544563023,0.8165449447273817
TextCNN,bs128_do0.75_lr0.001_nf50_fs4-5-6,5000,64,50,50,"4,5,6",0.75,128,0.001,5,False,0.8951529735304228,0.8585212934250666,0.8696334491648918,0.8232642152846017,0.8668589558696279,0.8188251128290096
TextCNN,bs128_do0.75_lr0.001_nf100_fs3-4-5,5000,64,50,100,"3,4,5",0.75,128,0.001,5,False,0.892632061418586,0.8554638017566529,0.8704181145611478,0.824675131978481,0.8683011248918373,0.8224828596550059
TextCNN,bs128_do0.75_lr0.001_nf100_fs4-5-6,5000,64,50,100,"4,5,6",0.75,128,0.001,5,False,0.9013570364550083,0.8670123259411217,0.8701939244479319,0.8242077605637278,0.8686472454571675,0.8216911752593165
TextCNN,bs128_do0.8_lr0.0005_nf50_fs3-4-5,5000,64,50,50,"3,4,5",0.8,128,0.0005,5,False,0.8741999377956752,0.8284725545095278,0.8623472704853716,0.8111522140804688,0.8583213152581483,0.8059998947170312
TextCNN,bs128_do0.8_lr0.0005_nf50_fs4-5-6,5000,64,50,50,"4,5,6",0.8,128,0.0005,5,False,0.8762297631324788,0.8309990748683989,0.8636924111646677,0.8135597729599596,0.8595904239976925,0.8073383242683473
TextCNN,bs32_do0.5_lr0.0005_nf50_fs3-4-5,5000,64,50,50,"3,4,5",0.5,32,0.0005,5,False,0.906251534646172,0.8742658580316309,0.8713148750140118,0.825530968687262,0.8700317277184886,0.8235763841937928
TextCNN,bs32_do0.5_lr0.0005_nf50_fs4-5-6,5000,64,50,50,"4,5,6",0.5,32,0.0005,5,False,0.8919772790518752,0.8542263092851742,0.8675036430893398,0.8208239921726457,0.8676665705220652,0.8211375920588003
TextCNN,bs32_do0.5_lr0.0005_nf100_fs3-4-5,5000,64,50,100,"3,4,5",0.5,32,0.0005,5,False,0.9146163793809032,0.8860496122136126,0.8714269700706199,0.8261290566378451,0.8700317277184886,0.8253185999327134
TextCNN,bs32_do0.5_lr0.0005_nf100_fs4-5-6,5000,64,50,100,"4,5,6",0.5,32,0.0005,5,False,0.9194290297762281,0.8930210762654148,0.8718753502970519,0.8273083099140232,0.8712431496971446,0.8279291321882619
TextCNN,bs32_do0.5_lr0.001_nf50_fs3-4-5,5000,64,50,50,"3,4,5",0.5,32,0.001,5,False,0.9115716413756978,0.8812389787572052,0.8720995404102679,0.8256884347682022,0.86962792039227,0.8237746263377145
TextCNN,bs32_do0.5_lr0.001_nf50_fs4-5-6,5000,64,50,50,"4,5,6",0.5,32,0.001,5,False,0.92316128926648,0.8972611292538248,0.8703060195045399,0.8234133174098738,0.8678973175656187,0.8205518187262418
TextCNN,bs32_do0.5_lr0.001_nf100_fs3-4-5,5000,64,50,100,"3,4,5",0.5,32,0.001,5,False,0.8959223428113081,0.8597042359783617,0.8716511601838359,0.825278807020383,0.8698586674358235,0.8233713588874644
TextCNN,bs32_do0.5_lr0.001_nf100_fs4-5-6,5000,64,50,100,"4,5,6",0.5,32,0.001,5,False,0.9224082895447625,0.8965807289335054,0.8672794529761237,0.8192705747896339,0.8698586674358235,0.8237699672485187
TextCNN,bs32_do0.65_lr0.0005_nf50_fs3-4-5,5000,64,50,50,"3,4,5",0.65,32,0.0005,5,False,0.8963806904680057,0.8613102540617085,0.8696334491648918,0.8250476229734888,0.8676088837611768,0.8213947468105673
TextCNN,bs32_do0.65_lr0.0005_nf50_fs4-5-6,5000,64,50,50,"4,5,6",0.65,32,0.0005,5,False,0.8992126242040301,0.8637729756613014,0.8687366887120278,0.8213398552702368,0.8680703778482838,0.8206428909643403
TextCNN,bs32_do0.65_lr0.0005_nf100_fs3-4-5,5000,64,50,100,"3,4,5",0.65,32,0.0005,5,False,0.8954148864771072,0.8584956859884348,0.8685124985988117,0.8206895771524442,0.8670897029131814,0.8197131594361009
TextCNN,bs32_do0.65_lr0.0005_nf100_fs4-5-6,5000,64,50,100,"4,5,6",0.65,32,0.0005,5,False,0.9048273829985759,0.8708377030047286,0.8685124985988117,0.8189722893978866,0.8688203057398327,0.82067144918281
TextCNN,bs32_do0.65_lr0.001_nf50_fs3-4-5,5000,64,50,50,"3,4,5",0.65,32,0.001,5,False,0.9105567287072959,0.8799571024917445,0.8696334491648918,0.8232125991628679,0.8688779925007211,0.8222305539582414
TextCNN,bs32_do0.65_lr0.001_nf50_fs4-5-6,5000,64,50,50,"4,5,6",0.65,32,0.001,5,False,0.9094108595655519,0.8811070867559277,0.8691850689384598,0.8266370841607248,0.8657052206518604,0.8222672075386805
TextCNN,bs32_do0.65_lr0.001_nf100_fs3-4-5,5000,64,50,100,"3,4,5",0.65,32,0.001,5,False,0.9011114930674917,0.8679111254774763,0.8709785898441879,0.8264007461565797,0.869800980674935,0.8243820574979542
TextCNN,bs32_do0.65_lr0.001_nf100_fs4-5-6,5000,64,50,100,"4,5,6",0.65,32,0.001,5,False,0.9103766635564504,0.8803063847455639,0.8692971639950678,0.8238660214953089,0.8676665705220652,0.8213638117545701
TextCNN,bs32_do0.7_lr0.0005_nf50_fs3-4-5,5000,64,50,50,"3,4,5",0.7,32,0.0005,5,False,0.894138060862021,0.857212142106218,0.8703060195045399,0.824264482110808,0.8683588116527257,0.8211397561170725
TextCNN,bs32_do0.7_lr0.0005_nf50_fs4-5-6,5000,64,50,50,"4,5,6",0.7,32,0.0005,5,False,0.8954639951546105,0.8579709524257106,0.8697455442214999,0.8209668477495028,0.8679550043265071,0.8191533088333455
TextCNN,bs32_do0.7_lr0.0005_nf100_fs3-4-5,5000,64,50,100,"3,4,5",0.7,32,0.0005,5,False,0.8941216913028532,0.8590374951763101,0.8718753502970519,0.8280823092312004,0.8694548601096048,0.8256136959360342
TextCNN,bs32_do0.7_lr0.0005_nf100_fs4-5-6,5000,64,50,100,"4,5,6",0.7,32,0.0005,5,False,0.8959387123704758,0.8604125711057513,0.8689608788252438,0.8229392002810405,0.8703778482838188,0.8253347941790374
TextCNN,bs32_do0.7_lr0.001_nf50_fs3-4-5,5000,64,50,50,"3,4,5",0.7,32,0.001,5,False,0.8979521681481117,0.8612842132258066,0.8708664947875798,0.8228228351782588,0.8681857513700606,0.8194285656120343
TextCNN,bs32_do0.7_lr0.001_nf50_fs4-5-6,5000,64,50,50,"4,5,6",0.7,32,0.001,5,False,0.9075283602612582,0.8751751517820501,0.8697455442214999,0.8223790143467551,0.8675511970002885,0.8193671996568508
TextCNN,bs32_do0.7_lr0.001_nf100_fs3-4-5,5000,64,50,100,"3,4,5",0.7,32,0.001,5,False,0.9107531634173092,0.8804391430678252,0.8725479206367,0.8269583427279613,0.8693394865878281,0.8240013244034509
TextCNN,bs32_do0.7_lr0.001_nf100_fs4-5-6,5000,64,50,100,"4,5,6",0.7,32,0.001,5,False,0.9138306405408503,0.8853024598725066,0.8718753502970519,0.8271316301958871,0.8706085953273723,0.8257238862356274
TextCNN,bs32_do0.75_lr0.0005_nf50_fs3-4-5,5000,64,50,50,"3,4,5",0.75,32,0.0005,5,False,0.8905858665226145,0.8517451617678202,0.8695213541082838,0.8223892528337772,0.8653014133256418,0.8162343490282238
TextCNN,bs32_do0.75_lr0.0005_nf50_fs4-5-6,5000,64,50,50,"4,5,6",0.75,32,0.0005,5,False,0.8848401512547267,0.8428605038788883,0.8663826925232597,0.8169900227173043,0.8633977502163254,0.812243532492409
TextCNN,bs32_do0.75_lr0.0005_nf100_fs3-4-5,5000,64,50,100,"3,4,5",0.75,32,0.0005,5,False,0.8961842557579924,0.8612163676003549,0.8700818293913238,0.824753925820433,0.8676665705220652,0.8224925306013674
TextCNN,bs32_do0.75_lr0.0005_nf100_fs4-5-6,5000,64,50,100,"4,5,6",0.75,32,0.0005,5,False,0.8989834503756814,0.863790652893558,0.8671673579195157,0.8188388180602392,0.8678396308047304,0.8208984244280435
TextCNN,bs32_do0.75_lr0.001_nf50_fs3-4-5,5000,64,50,50,"3,4,5",0.75,32,0.001,5,False,0.8969208859205422,0.8618299068720421,0.8692971639950678,0.8243849601521017,0.868704932218056,0.822480127979866
TextCNN,bs32_do0.75_lr0.001_nf50_fs4-5-6,5000,64,50,50,"4,5,6",0.75,32,0.001,5,False,0.9033213835551409,0.8694193371178384,0.8688487837686358,0.8214031949192501,0.8685895586962792,0.8212696994414133
TextCNN,bs32_do0.75_lr0.001_nf100_fs3-4-5,5000,64,50,100,"3,4,5",0.75,32,0.001,5,False,0.9060878390544943,0.872810462420023,0.8717632552404438,0.8254588810282946,0.8701471012402654,0.8223385699530952
TextCNN,bs32_do0.75_lr0.001_nf100_fs4-5-6,5000,64,50,100,"4,5,6",0.75,32,0.001,5,False,0.907823012326278,0.8762363902750631,0.8694092590516759,0.821848574335351,0.8676665705220652,0.8202716234940141
TextCNN,bs32_do0.8_lr0.0005_nf50_fs3-4-5,5000,64,50,50,"3,4,5",0.8,32,0.0005,5,False,0.8874756502807379,0.8473128118205476,0.8680641183723797,0.820309872177781,0.8640323045860975,0.8141526744259512
TextCNN,bs32_do0.8_lr0.0005_nf50_fs4-5-6,5000,64,50,50,"4,5,6",0.8,32,0.0005,5,False,0.8889816497241729,0.8493172087403433,0.8677278332025558,0.8185837288248797,0.8657052206518604,0.8164336092204758
TextCNN,bs32_do0.8_lr0.0005_nf100_fs3-4-5,5000,64,50,100,"3,4,5",0.8,32,0.0005,5,False,0.8877211936682545,0.8486478449650985,0.8670552628629078,0.819787585487279,0.8673781367176233,0.8203551970208319
TextCNN,bs32_do0.8_lr0.0005_nf100_fs4-5-6,5000,64,50,100,"4,5,6",0.8,32,0.0005,5,False,0.8892108235525217,0.8496119832698773,0.8689608788252438,0.8211041183776002,0.8659359676954139,0.8173677120143958
TextCNN,bs32_do0.8_lr0.001_nf50_fs3-4-5,5000,64,50,50,"3,4,5",0.8,32,0.001,5,False,0.8982795593314672,0.8628289715497006,0.8700818293913238,0.8240072583757025,0.8685895586962792,0.8216810526736033
TextCNN,bs32_do0.8_lr0.001_nf50_fs4-5-6,5000,64,50,50,"4,5,6",0.8,32,0.001,5,False,0.8872955851298925,0.847110130535213,0.8681762134289878,0.8192599160119722,0.865186039803865,0.8159794070823162
TextCNN,bs32_do0.8_lr0.001_nf100_fs3-4-5,5000,64,50,100,"3,4,5",0.8,32,0.001,5,False,0.8964789078230123,0.8596560805486183,0.8712027799574039,0.823110730601918,0.8657629074127488,0.8161596278630686
TextCNN,bs32_do0.8_lr0.001_nf100_fs4-5-6,5000,64,50,100,"4,5,6",0.8,32,0.001,5,False,0.8992781024407013,0.8628389355175079,0.8658222172402197,0.8141561200697568,0.8648399192385348,0.813018902151252
TextCNN,bs64_do0.5_lr0.0005_nf50_fs3-4-5,5000,64,50,50,"3,4,5",0.5,64,0.0005,5,False,0.8991307764081913,0.8638003667921893,0.8684004035422038,0.8211694751419194,0.86962792039227,0.8232959638053975
TextCNN,bs64_do0.5_lr0.0005_nf50_fs4-5-6,5000,64,50,50,"4,5,6",0.5,64,0.0005,5,False,0.8922064528802239,0.8549740782345898,0.8687366887120278,0.822554231518024,0.8678973175656187,0.8221471057285555
TextCNN,bs64_do0.5_lr0.0005_nf100_fs3-4-5,5000,64,50,100,"3,4,5",0.5,64,0.0005,5,False,0.9053512088919445,0.8724413230860352,0.8694092590516759,0.8230170935417577,0.8703201615229305,0.8245781191015574
TextCNN,bs64_do0.5_lr0.0005_nf100_fs4-5-6,5000,64,50,100,"4,5,6",0.5,64,0.0005,5,False,0.9002766455499354,0.8657902275068642,0.8679520233157718,0.8200520719524979,0.8702047880011538,0.8237197350989375
TextCNN,bs64_do0.5_lr0.001_nf50_fs3-4-5,5000,64,50,50,"3,4,5",0.5,64,0.001,5,False,0.9151238357151041,0.886783953633754,0.8710906849007959,0.8257446068688582,0.8706662820882607,0.8267636636686655
TextCNN,bs64_do0.5_lr0.001_nf50_fs4-5-6,5000,64,50,50,"4,5,6",0.5,64,0.001,5,False,0.91728461752525,0.8887259265521547,0.8709785898441879,0.8240718640185455,0.871012402653591,0.8240777281639415
TextCNN,bs64_do0.5_lr0.001_nf100_fs3-4-5,5000,64,50,100,"3,4,5",0.5,64,0.001,5,False,0.9131103799374682,0.8836460248823103,0.8713148750140118,0.8251469190663651,0.8718200173060283,0.8270762861019735
TextCNN,bs64_do0.5_lr0.001_nf100_fs4-5-6,5000,64,50,100,"4,5,6",0.5,64,0.001,5,False,0.905252991536938,0.8714980130478399,0.8710906849007959,0.8228990958252963,0.8702047880011538,0.8228060989549643
TextCNN,bs64_do0.65_lr0.0005_nf50_fs3-4-5,5000,64,50,50,"3,4,5",0.65,64,0.0005,5,False,0.8914207140401709,0.8537754657617459,0.8695213541082838,0.8231134310240092,0.8665128353042977,0.818373305285636
TextCNN,bs64_do0.65_lr0.0005_nf50_fs4-5-6,5000,64,50,50,"4,5,6",0.65,64,0.0005,5,False,0.8871482590973825,0.8480258672347368,0.8696334491648918,0.8240359129829962,0.866109027978079,0.8192423436440617
TextCNN,bs64_do0.65_lr0.0005_nf100_fs3-4-5,5000,64,50,100,"3,4,5",0.65,64,0.0005,5,False,0.8964625382638446,0.8596740825978775,0.8694092590516759,0.8215675715609493,0.8689933660224979,0.8214878185007933
TextCNN,bs64_do0.65_lr0.0005_nf100_fs4-5-6,5000,64,50,100,"4,5,6",0.65,64,0.0005,5,False,0.8974938204914141,0.860364057039452,0.8660464073534357,0.8152267180471252,0.8674358234785117,0.8185130771625907
TextCNN,bs64_do0.65_lr0.001_nf50_fs3-4-5,5000,64,50,50,"3,4,5",0.65,64,0.001,5,False,0.903812470330174,0.8699943807330359,0.8697455442214999,0.8219133378718392,0.8662244014998558,0.8169511514119286
TextCNN,bs64_do0.65_lr0.001_nf50_fs4-5-6,5000,64,50,50,"4,5,6",0.65,64,0.001,5,False,0.8934996480544779,0.8564792847732772,0.8681762134289878,0.8208912031843397,0.8686472454571675,0.8218268715950412
TextCNN,bs64_do0.65_lr0.001_nf100_fs3-4-5,5000,64,50,100,"3,4,5",0.65,64,0.001,5,False,0.8954476255954427,0.8584661298572787,0.8707543997309719,0.8233845216183209,0.8693971733487165,0.8226362152484605
TextCNN,bs64_do0.65_lr0.001_nf100_fs4-5-6,5000,64,50,100,"4,5,6",0.65,64,0.001,5,False,0.9148782923275877,0.8856156471145455,0.8697455442214999,0.8226296033463427,0.8695702336313816,0.8226485817820238
TextCNN,bs64_do0.7_lr0.0005_nf50_fs3-4-5,5000,64,50,50,"3,4,5",0.7,64,0.0005,5,False,0.8883596064757976,0.8492947254223537,0.8672794529761237,0.8194078801588978,0.8639746178252091,0.8159162308268861
TextCNN,bs64_do0.7_lr0.0005_nf50_fs4-5-6,5000,64,50,50,"4,5,6",0.7,64,0.0005,5,False,0.8899638232742392,0.8513581656822305,0.8679520233157718,0.8203686990843262,0.8655898471300837,0.8173847280957731
TextCNN,bs64_do0.7_lr0.0005_nf100_fs3-4-5,5000,64,50,100,"3,4,5",0.7,64,0.0005,5,False,0.8866899114406849,0.8463023940726925,0.8664947875798678,0.8182551353953788,0.8674935102394,0.8193817839266698
TextCNN,bs64_do0.7_lr0.0005_nf100_fs4-5-6,5000,64,50,100,"4,5,6",0.7,64,0.0005,5,False,0.8891289757566829,0.8504306206451903,0.8684004035422038,0.8213314534360437,0.8668589558696279,0.8199855057204849
TextCNN,bs64_do0.7_lr0.001_nf50_fs3-4-5,5000,64,50,50,"3,4,5",0.7,64,0.001,5,False,0.9011114930674917,0.8675094746606997,0.8708664947875798,0.8258474512242544,0.8675511970002885,0.8206376398149277
TextCNN,bs64_do0.7_lr0.001_nf50_fs4-5-6,5000,64,50,50,"4,5,6",0.7,64,0.001,5,False,0.8974938204914141,0.861572266414154,0.8681762134289878,0.8219005654680432,0.8681857513700606,0.821062284168022
TextCNN,bs64_do0.7_lr0.001_nf100_fs3-4-5,5000,64,50,100,"3,4,5",0.7,64,0.001,5,False,0.9073155559920771,0.8759866732049386,0.8698576392781079,0.8232004874246486,0.8702624747620421,0.8256120749589421
TextCNN,bs64_do0.7_lr0.001_nf100_fs4-5-6,5000,64,50,100,"4,5,6",0.7,64,0.001,5,False,0.9088379249946799,0.8770784571387709,0.8681762134289878,0.8198322588060979,0.8672627631958465,0.8189068939112788
TextCNN,bs64_do0.75_lr0.0005_nf50_fs3-4-5,5000,64,50,50,"3,4,5",0.75,64,0.0005,5,False,0.8832195648971173,0.840059698361108,0.8658222172402197,0.8157212284872455,0.8631670031727718,0.8114465390703627
TextCNN,bs64_do0.75_lr0.0005_nf50_fs4-5-6,5000,64,50,50,"4,5,6",0.75,64,0.0005,5,False,0.8859041726006318,0.844938654144156,0.8666068826364758,0.817673047017904,0.8650129795211999,0.8152392636832951
TextCNN,bs64_do0.75_lr0.0005_nf100_fs3-4-5,5000,64,50,100,"3,4,5",0.75,64,0.0005,5,False,0.8909296272651378,0.8536363428485104,0.8701939244479319,0.8252115117735785,0.8677242572829535,0.821733078395332
TextCNN,bs64_do0.75_lr0.0005_nf100_fs4-5-6,5000,64,50,100,"4,5,6",0.75,64,0.0005,5,False,0.8918954312560363,0.8532843892077953,0.8676157381459477,0.8194042693622542,0.8670320161522931,0.8192874071347506
TextCNN,bs64_do0.75_lr0.001_nf50_fs3-4-5,5000,64,50,50,"3,4,5",0.75,64,0.001,5,False,0.8984596244823126,0.8629662051363819,0.8687366887120278,0.8217419396481856,0.8672627631958465,0.8195120249000728
TextCNN,bs64_do0.75_lr0.001_nf50_fs4-5-6,5000,64,50,50,"4,5,6",0.75,64,0.001,5,False,0.9002766455499354,0.8660481548313953,0.8705302096177558,0.8241927437263863,0.8677819440438419,0.8209822379627028
TextCNN,bs64_do0.75_lr0.001_nf100_fs3-4-5,5000,64,50,100,"3,4,5",0.75,64,0.001,5,False,0.8971664293080588,0.8617400635322828,0.8695213541082838,0.8238585269252418,0.8684164984136141,0.8223232552482996
TextCNN,bs64_do0.75_lr0.001_nf100_fs4-5-6,5000,64,50,100,"4,5,6",0.75,64,0.001,5,False,0.9051711437410991,0.8719521818983432,0.8679520233157718,0.8187065720286256,0.8689933660224979,0.8213332845231965
TextCNN,bs64_do0.8_lr0.0005_nf50_fs3-4-5,5000,64,50,50,"3,4,5",0.8,64,0.0005,5,False,0.8814189133886624,0.8390121797009185,0.8668310727496917,0.8183319022662441,0.863340063455437,0.8133702221142705
TextCNN,bs64_do0.8_lr0.0005_nf50_fs4-5-6,5000,64,50,50,"4,5,6",0.8,64,0.0005,5,False,0.883383260488795,0.8409741600036279,0.8672794529761237,0.8183696978314843,0.861955581194116,0.8113729274861979
TextCNN,bs64_do0.8_lr0.0005_nf100_fs3-4-5,5000,64,50,100,"3,4,5",0.8,64,0.0005,5,False,0.8817135654536823,0.8411363939829183,0.8675036430893398,0.8217200569954862,0.8623593885203346,0.8144962757294413
TextCNN,bs64_do0.8_lr0.0005_nf100_fs4-5-6,5000,64,50,100,"4,5,6",0.8,64,0.0005,5,False,0.8887361063366563,0.8491698795580483,0.8652617419571796,0.8162212507231602,0.8667435823478512,0.8188087413145477
TextCNN,bs64_do0.8_lr0.001_nf50_fs3-4-5,5000,64,50,50,"3,4,5",0.8,64,0.001,5,False,0.8940889521845177,0.8572241603091665,0.8719874453536599,0.8258609091800059,0.8664551485434093,0.8191799544664026
TextCNN,bs64_do0.8_lr0.001_nf50_fs4-5-6,5000,64,50,50,"4,5,6",0.8,64,0.001,5,False,0.89649527738218,0.860515608988181,0.8713148750140118,0.8249159797634498,0.8678973175656187,0.8206963523383569
TextCNN,bs64_do0.8_lr0.001_nf100_fs3-4-5,5000,64,50,100,"3,4,5",0.8,64,0.001,5,False,0.9000474717215865,0.8650532171436579,0.8701939244479319,0.8231302499546143,0.8692241130660513,0.8220212553618782
TextCNN,bs64_do0.8_lr0.001_nf100_fs4-5-6,5000,64,50,100,"4,5,6",0.8,64,0.001,5,False,0.8953166691221005,0.8589261262741982,0.8701939244479319,0.8234281098355872,0.8678973175656187,0.8202177499547645
TextCNN,bs128_do0.5_lr0.0005_nf50_fs3-4-5,5000,64,50,50,"3,4,5",0.5,128,0.0005,5,False,0.8870009330648726,0.8462851696939314,0.8638045062212757,0.8140194193032041,0.8650129795211999,0.8161808318387811
TextCNN,bs128_do0.5_lr0.0005_nf50_fs4-5-6,5000,64,50,50,"4,5,6",0.5,128,0.0005,5,False,0.8885887803041465,0.8480154929992794,0.8618988902589396,0.8098775016545513,0.8639169310643208,0.8133936152793865
TextCNN,bs128_do0.5_lr0.0005_nf100_fs3-4-5,5000,64,50,100,"3,4,5",0.5,128,0.0005,5,False,0.8953494082404361,0.8587905307841396,0.8673915480327318,0.8193724651608583,0.8684741851745025,0.8217659797533935
TextCNN,bs128_do0.5_lr0.0005_nf100_fs4-5-6,5000,64,50,100,"4,5,6",0.5,128,0.0005,5,False,0.8993272111182046,0.8636820608430781,0.8679520233157718,0.8200871551802554,0.8683011248918373,0.8209037951384514
TextCNN,bs128_do0.5_lr0.001_nf50_fs3-4-5,5000,64,50,50,"3,4,5",0.5,128,0.001,5,False,0.905956882581152,0.87354847160089,0.8707543997309719,0.8236397693739504,0.86962792039227,0.8230986242528293
TextCNN,bs128_do0.5_lr0.001_nf50_fs4-5-6,5000,64,50,50,"4,5,6",0.5,128,0.001,5,False,0.8925338440635794,0.8559199208105492,0.8681762134289878,0.822646362418058,0.8668012691087396,0.8213244576829638
TextCNN,bs128_do0.5_lr0.001_nf100_fs3-4-5,5000,64,50,100,"3,4,5",0.5,128,0.001,5,False,0.9135850971533337,0.8834237393592047,0.8690729738818518,0.8208408730917389,0.8710700894144794,0.8241693812649783
TextCNN,bs128_do0.5_lr0.001_nf100_fs4-5-6,5000,64,50,100,"4,5,6",0.5,128,0.001,5,False,0.9084614251338211,0.8758708756702648,0.8696334491648918,0.8212294707824394,0.8694548601096048,0.821877883693146
TextCNN,bs128_do0.65_lr0.0005_nf50_fs3-4-5,5000,64,50,50,"3,4,5",0.65,128,0.0005,5,False,0.8821391739920444,0.8394874716079057,0.8641407913910997,0.8145139419200786,0.8630516296509951,0.8131306511968767
TextCNN,bs128_do0.65_lr0.0005_nf50_fs4-5-6,5000,64,50,50,"4,5,6",0.65,128,0.0005,5,False,0.8843981731571969,0.8419382960862595,0.8645891716175317,0.8140279601969799,0.863340063455437,0.8130794989644691
TextCNN,bs128_do0.65_lr0.0005_nf100_fs3-4-5,5000,64,50,100,"3,4,5",0.65,128,0.0005,5,False,0.8885724107449786,0.8489769313766926,0.8677278332025558,0.8195299830672914,0.8662244014998558,0.8183739945730091
TextCNN,bs128_do0.65_lr0.0005_nf100_fs4-5-6,5000,64,50,100,"4,5,6",0.65,128,0.0005,5,False,0.8904549100492724,0.8517264577678368,0.8670552628629078,0.8185387258764029,0.8646668589558696,0.8157197567735591
TextCNN,bs128_do0.65_lr0.001_nf50_fs3-4-5,5000,64,50,50,"3,4,5",0.65,128,0.001,5,False,0.8923865180310694,0.8559957787445985,0.8690729738818518,0.8247580761547546,0.8676088837611768,0.8223097013455355
TextCNN,bs128_do0.65_lr0.001_nf50_fs4-5-6,5000,64,50,50,"4,5,6",0.65,128,0.001,5,False,0.9000311021624188,0.864775168633586,0.8681762134289878,0.8191759477615349,0.8674935102394,0.8192523544673755
TextCNN,bs128_do0.65_lr0.001_nf100_fs3-4-5,5000,64,50,100,"3,4,5",0.65,128,0.001,5,False,0.9053839480102801,0.8731409072742004,0.8718753502970519,0.8261366867884691,0.8698586674358235,0.8239405283962874
TextCNN,bs128_do0.65_lr0.001_nf100_fs4-5-6,5000,64,50,100,"4,5,6",0.65,128,0.001,5,False,0.8992617328815335,0.8638110378016751,0.8679520233157718,0.8189693095014121,0.8692817998269398,0.8218505266641346
TextCNN,bs128_do0.7_lr0.0005_nf50_fs3-4-5,5000,64,50,50,"3,4,5",0.7,128,0.0005,5,False,0.8792090229010133,0.8354076556366232,0.8633561259948437,0.8129019449601337,0.8607441592154601,0.8093321966606162
TextCNN,bs128_do0.7_lr0.0005_nf50_fs4-5-6,5000,64,50,50,"4,5,6",0.7,128,0.0005,5,False,0.881238848237817,0.8380480899724971,0.8641407913910997,0.8150100532957217,0.8624170752812229,0.8117176559664782
TextCNN,bs128_do0.7_lr0.0005_nf100_fs3-4-5,5000,64,50,100,"3,4,5",0.7,128,0.0005,5,False,0.8845291296305391,0.8425269164532591,0.8625714605985876,0.8119126247420138,0.863340063455437,0.81282041181212
TextCNN,bs128_do0.7_lr0.0005_nf100_fs4-5-6,5000,64,50,100,"4,5,6",0.7,128,0.0005,5,False,0.8887197367774886,0.8499002309422315,0.8667189776930837,0.818665614750385,0.8658205941736371,0.8179995457986783
TextCNN,bs128_do0.7_lr0.001_nf50_fs3-4-5,5000,64,50,50,"3,4,5",0.7,128,0.001,5,False,0.8829085432729297,0.8415620635202307,0.8694092590516759,0.8236231166182096,0.863801557542544,0.8144463802613253
TextCNN,bs128_do0.7_lr0.001_nf50_fs4-5-6,5000,64,50,50,"4,5,6",0.7,128,0.001,5,False,0.8920754964068818,0.8548421926919433,0.8695213541082838,0.8237906146521038,0.8669166426305163,0.819943589433314
TextCNN,bs128_do0.7_lr0.001_nf100_fs3-4-5,5000,64,50,100,"3,4,5",0.7,128,0.001,5,False,0.8952675604445972,0.860603235829362,0.8692971639950678,0.8246891286926635,0.8676665705220652,0.8236285675673853
TextCNN,bs128_do0.7_lr0.001_nf100_fs4-5-6,5000,64,50,100,"4,5,6",0.7,128,0.001,5,False,0.8969208859205422,0.8609465939796809,0.8701939244479319,0.823914345943383,0.8695702336313816,0.8232684857615142
TextCNN,bs128_do0.75_lr0.0005_nf50_fs3-4-5,5000,64,50,50,"3,4,5",0.75,128,0.0005,5,False,0.877506588747565,0.8336604826783818,0.8634682210514516,0.8148178797558612,0.8583790020190366,0.8068390926237065
TextCNN,bs128_do0.75_lr0.0005_nf50_fs4-5-6,5000,64,50,50,"4,5,6",0.75,128,0.0005,5,False,0.8795036749660332,0.8360392294178238,0.8630198408250196,0.8130637366571394,0.8608018459763485,0.8099054843459824
TextCNN,bs128_do0.75_lr0.0005_nf100_fs3-4-5,5000,64,50,100,"3,4,5",0.75,128,0.0005,5,False,0.8830558693054396,0.8419833246659993,0.8673915480327318,0.8200733450646062,0.8653014133256418,0.8171778172731011
TextCNN,bs128_do0.75_lr0.0005_nf100_fs4-5-6,5000,64,50,100,"4,5,6",0.75,128,0.0005,5,False,0.8849219990505656,0.8438910875068659,0.8647012666741397,0.814829129116545,0.8639746178252091,0.8143952958482196
TextCNN,bs128_do0.75_lr0.001_nf50_fs3-4-5,5000,64,50,50,"3,4,5",0.75,128,0.001,5,False,0.8903403231350979,0.8507831454290505,0.8664947875798678,0.8174048128028013,0.8646668589558696,0.814143081947501
